Tynan,Dawney,Abbott LLC,(848) 1579283
Sherill,Ollerearnshaw,"Abshire, Cormier and Mayert",(155) 5657650
Adella,Georgins,"Abshire, Hodkiewicz and Monahan",(823) 5765986
Doy,Wimbush,Abshire-Cummings,(279) 2419643
Ewell,Soitoux,"Anderson, Fahey and Beatty",(942) 8528692
Meir,Teacy,Ankunding LLC,(621) 5691350
Marna,Quernel,Armstrong Inc,(867) 8070222
Kenna,Tire,Aufderhar Group,(795) 1345259
Vera,Amar,Bauch and Sons,(838) 4431192
Shannan,Bulman,"Bayer, Kirlin and Purdy",(102) 8433019
Pegeen,Storah,Bayer-Wiza,(756) 7544447
Mead,Garlicke,Becker Group,(728) 3053340
Eal,Murname,Becker-Hammes,(185) 5657430
Romy,Lapslie,"Berge, Miller and Jakubowski",(225) 5463045
Amalia,Cutajar,"Bergnaum, Rogahn and Cruickshank",(419) 3503873
Abdel,Archbald,Bergstrom Group,(581) 6164016
Charlton,Lodewick,Bergstrom-Hyatt,(323) 2979470
Alli,Nore,Bernhard-Marquardt,(266) 6554385
Kare,Reffe,Bernier Inc,(398) 8680676
Mareah,Swadon,Blanda and Sons,(657) 2179191
Sileas,McQuaid,"Bode, Fisher and Ratke",(207) 8211389
Mozes,Rutledge,Boehm and Sons,(860) 7327160
Hailee,Crystal,Bogisich and Sons,(516) 7551255
Fairfax,D'Ambrosio,Borer Group,(480) 4426253
Emmalynn,Rarity,Bosco Group,(812) 5228979
Bette-ann,Pothergill,Botsford Group,(287) 6244070
Danna,Bleakman,Boyer LLC,(739) 2851562
Harlene,Heugh,"Bradtke, Schuppe and Kerluke",(732) 1476831
Wilhelmine,Fancott,"Brakus, Gusikowski and Mueller",(728) 4703537
Ophelie,Taplin,"Brakus, Pollich and Powlowski",(533) 7429719
Pavia,Whiteley,"Brakus, Quitzon and Rogahn",(562) 1943819
Maggy,Howle,Breitenberg-Ward,(989) 3494166
Beverie,Osgardby,"Brekke, Mills and Frami",(690) 9357772
Gustie,Lattos,Bruen-Brown,(693) 8949868
Joye,Haggath,Carter-Raynor,(797) 1963875
Langsdon,Vlach,Christiansen-Gutkowski,(293) 1266916
Dylan,Claybourne,Conn-Blanda,(837) 9933281
Jeremiah,Barney,Corwin-Barton,(799) 7780883
Siouxie,Ivison,"Cremin, Dickinson and Emmerich",(259) 6207859
Gery,Libreros,Crona Inc,(519) 4337251
Ron,Cannop,"Crona, Altenwerth and Herzog",(252) 6209531
Trixy,Massow,"Cronin, O'Hara and Wilkinson",(936) 7012834
Jenn,Eddington,Dach-Barrows,(861) 8110394
Jodee,Bridgestock,Daugherty Inc,(820) 4599681
Miof mela,Zuenelli,Daugherty-Kshlerin,(785) 5073592
Garvin,Finley,Deckow-Haley,(826) 9156346
Tiffy,Ragge,Dibbert LLC,(550) 8552759
Rhianna,Dowdney,"Dibbert, Nikolaus and Rolfson",(653) 9328302
Dave,Handford,Dicki Group,(278) 4136613
Ave,Jerrems,Dicki LLC,(158) 4575009
Brittni,Vennart,Donnelly LLC,(181) 8871322
Marie-ann,Palfreeman,"Doyle, Spencer and Kshlerin",(312) 5805649
Delmar,Cicerone,DuBuque Group,(366) 8912377
Gerty,Hudel,DuBuque LLC,(444) 2187529
Chad,Conman,"Durgan, Kozey and Hermann",(857) 1558750
Mord,Rowntree,Durgan-Larson,(301) 9991340
Sawyer,Achurch,Ebert-Roob,(396) 7443571
Heloise,Moorfield,Effertz Group,(665) 4260942
Bertina,Inglesant,Emard and Sons,(297) 5380127
Ricki,Trude,Erdman-Jakubowski,(697) 6693735
Sybil,Dybell,"Ernser, Collins and Jast",(215) 5850680
Antonius,Allmark,Fadel LLC,(846) 6148205
Nester,Vasyanin,"Fadel, Gaylord and Conn",(404) 3056451
Jaquelyn,Bentinck,Farrell-Kris,(833) 9003375
Kitty,Pitrasso,"Feest, Bins and Pollich",(189) 8995819
Talbot,Riccardo,Friesen Inc,(945) 6794735
Valerie,Carmo,Gerhold Group,(176) 6535743
Euell,Dougan,Glover LLC,(627) 9726529
Ermengarde,Mellody,Goldner-Bruen,(543) 1084414
Lesli,Caughtry,Goyette LLC,(307) 8447702
Hildagarde,Clemot,Greenholt-Schroeder,(970) 9877186
Grantham,De Paoli,Gulgowski-Daugherty,(750) 7302651
Marjie,Bote,Haag-Wolf,(739) 1882580
Rae,Skillicorn,Haley-Franecki,(248) 8020632
Pippy,Rudram,Halvorson Group,(303) 6343189
Gwenni,Jeram,Hamill and Sons,(486) 3767370
Dominique,Koppen,Hamill Inc,(843) 7919970
Griffith,Marns,"Hammes, Gorczany and Bernhard",(153) 3903127
Shanta,Mawdsley,Hane Group,(582) 9127250
Remus,Brookzie,"Hane, Collins and Schulist",(915) 9536247
Willey,Harme,Harber and Sons,(721) 4033686
Burk,Bittlestone,Heaney-O'Conner,(696) 9263482
Crystal,MacMychem,Hegmann and Sons,(544) 1222412
Judye,Maase,"Heidenreich, Hyatt and Stark",(734) 8972318
Husain,Kelleway,"Herman, Balistreri and Volkman",(683) 3084638
Gwenni,Dubose,"Hermann, Stiedemann and West",(377) 4924753
Benny,O'Fairy,Hessel-Ledner,(903) 3844347
Alexi,Dowzell,"Hickle, Lebsack and Bosco",(978) 4105545
Benedikta,Liebmann,"Hickle, Prosacco and Greenfelder",(234) 9673015
Tybalt,De Bischop,Hilll and Sons,(363) 2657807
Adlai,Goodsir,"Hilll, Kub and Block",(669) 9381689
Lian,Tremlett,"Hills, Mohr and Buckridge",(864) 7358962
Sybila,Harmond,Hintz-O'Connell,(543) 8862599
Ana,Pantry,Hirthe Group,(473) 9622444
Nikkie,Millichap,Homenick Inc,(694) 2788811
Janifer,Giordano,Jacobson Inc,(148) 5930245
Nataline,Kuschel,"Jakubowski, Stoltenberg and Lind",(320) 7914349
Glyn,Hoggins,"Jakubowski, Yundt and Hilpert",(904) 7452455
Darlene,Sunman,Jenkins-Konopelski,(734) 7148967
Pattin,Esplin,Johns-Maggio,(129) 7343526
Denice,Smalridge,Johnston-Emard,(724) 8376931
Fidole,Rydzynski,Jones-Goodwin,(636) 8889873
Rosalinda,Einchcombe,Kassulke LLC,(388) 2421540
Rodolphe,Spitell,Keebler-Schultz,(545) 7753769
Dionis,Maddrell,Keeling-Considine,(930) 7606817
Clair,Zielinski,Kessler Group,(913) 1532578
Pooh,Whayman,Kling-Nienow,(735) 3094288
Yank,Reinhardt,Koepp and Sons,(210) 7887543
Ericha,Burges,"Konopelski, Dooley and Murazik",(295) 7003094
Christal,Woolmore,"Koss, Baumbach and Emard",(393) 1829177
Korrie,Cardno,"Koss, Stracke and Becker",(297) 6242110
Corney,Vaskin,"Kovacek, Hills and Beatty",(789) 4692690
Goober,Vernham,Kshlerin-Wisoky,(267) 9598224
Maximilien,Hindhaugh,Kuhn-Beier,(602) 4405133
Gerhardine,Fawdry,Kuhn-Marquardt,(156) 3840908
Saunders,Raffan,Kuhn-Ratke,(892) 4259690
Waverley,Cheley,Kulas and Sons,(870) 7377892
Delly,Sharman,Larson Inc,(435) 8917815
Joey,Greschik,"Ledner, Pfannerstill and Gerlach",(150) 9999878
Olwen,Sheldrick,Leffler LLC,(403) 2609857
Blayne,Humble,Lehner and Sons,(461) 9281532
Ernie,Tantrum,Lehner-Mayer,(940) 5158815
Rodge,Brotherick,Lemke-Hilll,(962) 2518945
Ulick,Flook,Lesch and Sons,(769) 1012197
Peder,Brumfield,Leuschke-Zboncak,(569) 1665445
Sandy,Coller,Lind-Roberts,(364) 1307647
Blakeley,Eadon,Lockman-Mosciski,(836) 7695196
Rosene,Sayce,"Lowe, Baumbach and Schneider",(109) 1658317
Wolf,Severn,Lynch Inc,(140) 5311976
Maribel,Robic,Marks Inc,(349) 2922845
Mauricio,Stuer,Marquardt-Effertz,(829) 4786767
Danice,Hullin,Marvin Inc,(409) 9644778
Cassy,Baton,"Marvin, Schiller and Barrows",(832) 9737668
Jilly,Waiton,McDermott-Kihn,(639) 6865292
Raynell,Nequest,McDermott-Veum,(143) 7588949
Jessy,Lorentzen,McKenzie-O'Keefe,(206) 3836219
Cordie,Drynan,McKenzie-Zemlak,(182) 6124831
Anastassia,Cicconettii,"McLaughlin, Ortiz and Vandervort",(633) 6563299
Stearne,Dacombe,"Medhurst, Price and Macejkovic",(217) 3313542
Tallie,Norrington,"Mertz, Lesch and Feil",(226) 4184698
Melisandra,Itzkovitch,"Metz, Rau and Corwin",(717) 2433599
Braden,Molden,Mitchell LLC,(685) 6145876
Astrid,Tebbitt,"Mitchell, Murazik and Moore",(264) 6119364
Arlan,Kurth,Mitchell-Walter,(534) 2372355
Arri,Bedinham,"Moen, Harris and Brakus",(890) 3152164
Immanuel,Houtbie,Mohr-Green,(434) 6734276
Ker,McGilvray,Monahan Group,(227) 2965745
Kellie,Sposito,"Moore, Murazik and Farrell",(950) 2639561
Leona,Grieswood,Mosciski-Pagac,(806) 8886392
Mallory,O'Rodane,"Mueller, Macejkovic and Reichel",(959) 6192442
Hedda,Brettell,Murazik-Grimes,(514) 1669317
Vernen,Broe,Nicolas and Sons,(529) 6802754
Emiline,Nash,Nikolaus Inc,(710) 8166304
Joelle,Lark,Nolan-Pagac,(501) 5130932
Loralee,Bosward,"O'Conner, Howe and Thiel",(634) 7985739
Rudyard,Henrion,Orn-Ullrich,(774) 5102054
Caralie,Jeal,"Ortiz, Greenfelder and Halvorson",(847) 5925497
Nathanial,Enefer,Ortiz-Orn,(175) 1337997
Tye,Pritchitt,Osinski Inc,(100) 9974285
Nicolea,Gobbett,Pacocha Group,(771) 4469998
Con,Bonhill,Padberg LLC,(882) 7862204
Modestine,Cuseck,Padberg-Bogan,(210) 1410131
Kerwinn,Wedge,Padberg-Satterfield,(376) 5626308
Molly,Cridlan,Pagac-Quitzon,(405) 8154788
Saunder,Yakovlev,Parisian-Emmerich,(310) 4285468
Massimiliano,Como,Parisian-Roberts,(255) 3859538
Prue,Giamo,"Parker, Kautzer and Kiehn",(403) 6382929
Erich,Le Barr,Pfannerstill LLC,(119) 8579543
Thomas,Brigstock,"Pouros, Heller and Schumm",(963) 8330062
Dinny,Popplestone,Powlowski Inc,(198) 7493397
Malory,Milberry,Price Inc,(282) 5155182
Mariana,Benez,"Prohaska, Connelly and Barrows",(255) 2844783
Enos,Pentony,Quigley and Sons,(823) 7387192
Rustie,Swire,Rau Inc,(211) 9410980
Renate,Dome,"Raynor, Fadel and Muller",(676) 6222055
Trip,Ventura,"Reilly, Jenkins and Willms",(715) 9863706
Caril,Peirson,Rempel-Ebert,(803) 2675748
Chelsy,Beckey,"Rippin, Medhurst and Wisozk",(643) 8565217
Estele,Pridie,Robel and Sons,(707) 5066542
Elsa,Elgey,"Robel, Lebsack and Harber",(997) 5749402
Bill,Salvadore,Robel-Nader,(426) 4345993
Carver,Veevers,Rohan Group,(546) 4955572
Rolf,Schachter,Rohan-Keebler,(544) 4233924
Celina,Schimank,Rolfson-Boehm,(501) 2901358
Masha,Fassam,Romaguera and Sons,(208) 5833438
Bradford,Waymont,Romaguera Inc,(760) 1518307
Elaina,Alldre,Romaguera-Schulist,(772) 6471956
Malva,Philbin,"Roob, Veum and Heidenreich",(493) 4145734
Jareb,Nieass,Rosenbaum-Bernhard,(841) 6464807
Cornie,Umpleby,Rosenbaum-Kassulke,(924) 7207063
Johnath,Hendrickson,Ruecker LLC,(865) 4069536
Harper,Coggill,"Ruecker, Jacobi and Shanahan",(175) 5253894
Marlo,Godfray,"Rutherford, Simonis and Lueilwitz",(904) 7131230
Nyssa,Cann,Ryan and Sons,(148) 7568217
Aubrey,Cawthron,Ryan Inc,(929) 6404692
Sydel,Englefield,Satterfield Group,(474) 4523221
Fredelia,Clapson,Sauer Inc,(458) 7529533
Charmion,Prester,"Sauer, Haley and Klocko",(942) 8910243
Jeanine,Paintain,Schaefer-Runte,(781) 5155625
Jimmy,Bickerstaffe,Schamberger Inc,(998) 6839690
Myer,Dunphie,Schinner-Leuschke,(354) 4386486
Babette,Antoniades,Schmeler Inc,(559) 1002783
Gabriell,Benfell,"Schmidt, Hudson and Willms",(822) 7307544
Josh,Cubbino,Schmidt-Purdy,(495) 5556562
Torey,Forcade,Schneider Group,(183) 2610710
Lenci,Avrahm,Schowalter-Terry,(414) 3893773
Tore,Goldie,Schroeder and Sons,(971) 8904224
Odell,Orrice,Schroeder and Sons,(129) 9251642
Delainey,Upstone,"Schulist, Metz and Abernathy",(820) 9474787
Cherye,Prop,Schuster-Kshlerin,(564) 5254144
Bliss,Rohloff,Schuster-Rosenbaum,(540) 2878045
Margarethe,Stripling,Spencer Inc,(686) 7959120
Jervis,Ramsier,"Spencer, Beatty and Trantow",(697) 7173047
Thaddus,Bosche,"Stamm, Stehr and Huels",(527) 8521051
Evvie,Springle,Stamm-Klocko,(373) 9118388
Dorey,Warriner,Stanton Inc,(977) 7638494
Griffith,Rawlence,"Stark, Feeney and Rippin",(768) 8744881
Mellisa,Safhill,Steuber-Rice,(758) 5292957
Haydon,Codi,"Stiedemann, Bednar and Daniel",(853) 6240486
Eddi,Northgraves,"Stokes, Rempel and Fritsch",(312) 4744270
Gustavus,Ludl,Torp-DuBuque,(937) 1877421
Kenna,Blackhall,Towne-Schultz,(348) 3382569
Bard,Czajkowska,"Toy, Shields and Sawayn",(580) 6294008
Kennan,Scholler,Trantow-Kertzmann,(972) 6967813
Felicio,Von Der Empten,Tremblay-Becker,(672) 6208645
Craggy,Blennerhassett,"Ullrich, Grimes and Kilback",(318) 8358271
Rickie,Batteson,"Ullrich, Hamill and Wolff",(242) 1907001
Kristoffer,Kennington,"Ullrich, Wilderman and Ondricka",(584) 5846593
Reeva,Scroyton,"Volkman, Senger and O'Connell",(853) 6445494
Annelise,Bernaldo,Walker-Harvey,(970) 6344183
Marie-jeanne,Readwood,Walsh LLC,(804) 1492475
Kahlil,Vanyashkin,"Walsh, Kirlin and Kertzmann",(150) 9001476
Celestyna,Chadwyck,"Waters, Hartmann and Ebert",(649) 7111807
Henrie,Pinock,Wehner LLC,(340) 5478531
Sharia,Arrol,Weimann-Zboncak,(450) 5265807
Britta,Pavey,"West, Schuppe and Leuschke",(588) 6019371
Lyman,Tyler,White Group,(901) 3869003
Thebault,Taffarello,Wiegand-Cruickshank,(918) 1514937
Bendicty,Wildor,Wiegand-Schamberger,(564) 8760011
Tawnya,Varian,Wilderman and Sons,(339) 3637244
Konstance,Sanja,Williamson Inc,(750) 7821223
Alice,Baines,"Windler, Bartoletti and Breitenberg",(705) 5281349
Brandy,O'Teague,"Wisozk, Will and Goodwin",(422) 3868312
Rosy,Boner,"Wolff, Miller and Wyman",(529) 2030982
Jenny,Tellenbroker,Wunsch-Gutkowski,(979) 1454996
Nicholas,Basten,Yost-Gutkowski,(212) 4114500
Massimo,Wicken,Yundt-Moore,(594) 1960870
Flint,McAless,"Ziemann, Jerde and Anderson",(751) 8915110
Murray,Jeandeau,Zieme-West,(402) 7471483
Earle,Escoffier,Zulauf and Sons,(552) 6028920
