Franciskus,Crimin,Abbott Group,(354) 5173308
Roselia,Horley,"Abernathy, Carter and Witting",(207) 5411760
Bonni,Trulock,"Altenwerth, Hettinger and Rempel",(592) 3305611
Rand,Flucks,Anderson-Ferry,(748) 1940213
Charmion,Windross,Ankunding Inc,(949) 8081444
Nerita,Jannings,Armstrong Group,(487) 2014605
Erin,Keyzman,Auer-Stanton,(717) 9803787
Georgi,Dubarry,Bahringer-Leuschke,(298) 9081766
Benn,Pullen,Balistreri Group,(411) 2688760
Verile,Flintiff,Balistreri LLC,(385) 6696490
Harrietta,Crowne,Bartoletti Group,(311) 6103717
Patrice,Goulding,Barton Inc,(428) 7140356
Sandor,Mundford,Barton-Champlin,(665) 4947946
Raff,Brindley,Bashirian-Wintheiser,(146) 4884462
Augustina,Forsyde,Batz-Kuphal,(287) 4580393
Amandie,Keable,"Becker, Bechtelar and Stracke",(318) 5529943
Kiah,Andreix,Becker-Becker,(864) 8923658
Wakefield,Pigott,Bednar Group,(865) 3783931
Odessa,Farnorth,Bergstrom-Feil,(238) 7947662
Coop,Passo,"Bernhard, Farrell and Rempel",(292) 1376581
Arlen,Mottinelli,Bernhard-Rowe,(177) 1738925
Kelly,Reis,"Block, Gutkowski and Herman",(888) 3517713
Marni,Kinder,Bode LLC,(855) 9063085
Lars,Tuerena,"Bode, Crist and Bauch",(757) 3919080
Meggie,Gurnay,"Boehm, Hermiston and Kirlin",(196) 9647756
Ola,Groger,"Boehm, Weber and Mohr",(213) 2433138
Merci,Woodruff,"Bogan, Lang and Haag",(612) 1950272
Antony,Pardon,Bogisich-Rodriguez,(894) 5981204
Gerek,Monro,"Bosco, Marquardt and Yost",(937) 7590225
Selia,Kaes,Botsford-Swaniawski,(193) 1335426
Harlene,Heugh,"Bradtke, Schuppe and Kerluke",(732) 1476831
Haleigh,Kees,"Braun, Jacobi and Marks",(675) 5724649
Curtis,Gisburn,"Carroll, Mitchell and Goldner",(752) 1670186
Bria,Sapsforde,Carter Inc,(494) 3733811
Jayne,Sandcroft,Cartwright and Sons,(947) 2254133
Janette,Brannigan,Collins Inc,(625) 6809978
Reynard,Antosch,"Considine, Bergstrom and Bernhard",(292) 8850992
Gaultiero,Mintram,"Corkery, Rogahn and Stehr",(710) 8644809
Mella,Malek,"Corkery, Rolfson and Kertzmann",(508) 1524859
Roscoe,Evamy,Corkery-Koss,(591) 7816443
Wynn,Gwatkins,Cormier LLC,(724) 7884094
Darryl,Bulteel,Cormier-Kessler,(409) 4261901
Lexine,Yven,Corwin-VonRueden,(255) 7218386
Eleonore,Sowerby,Cremin and Sons,(517) 2009203
Shana,Allnutt,Crooks-Ondricka,(316) 3546213
Jessee,Jeffrey,"Dach, Maggio and Nicolas",(524) 8994575
Donavon,Radki,"Daniel, Lang and Huels",(260) 4796918
Elmo,Parrot,"Dare, Schaefer and Dooley",(870) 8051971
Rhianna,Dowdney,"Dibbert, Nikolaus and Rolfson",(653) 9328302
Ave,Jerrems,Dicki LLC,(158) 4575009
Kimberley,Siflet,"Dickinson, Halvorson and Shanahan",(327) 5813561
Marie-ann,Palfreeman,"Doyle, Spencer and Kshlerin",(312) 5805649
Stefanie,Fireman,DuBuque-Grant,(960) 9451821
Mord,Rowntree,Durgan-Larson,(301) 9991340
Abbie,Syncke,Ebert and Sons,(791) 2420380
Garland,Lindenman,"Ernser, McGlynn and Hagenes",(892) 6443070
Hallie,Aneley,Fay-Ledner,(744) 7913720
Cammi,Hedon,Feeney-Heaney,(451) 9534816
Adara,Angrave,Feil and Sons,(699) 3274432
Grethel,Mebs,Fisher-Blick,(688) 9431886
Yoshiko,Partkya,Fisher-Heathcote,(354) 7145020
Colan,Bavister,Franecki-Prosacco,(740) 5169316
Wynn,Lomond,Friesen and Sons,(649) 8853755
Lidia,Lober,"Funk, Pfannerstill and Brown",(946) 7578870
Jenn,Stutard,Gaylord-Feeney,(687) 5464517
Talia,Colleton,Gaylord-Wolf,(922) 3275082
Cammi,Sivyer,Gleason-Nader,(664) 9077757
Aurelie,Potticary,Gleichner LLC,(952) 5550266
Karole,Demare,Goldner and Sons,(543) 2612700
Adelice,Richten,"Goldner, Reilly and Considine",(116) 7084286
Ilario,Kewzick,"Goodwin, Gleason and Kassulke",(944) 3453399
Jaynell,Joney,Grady and Sons,(215) 8927105
Hayward,Pechold,Graham and Sons,(629) 4792696
Dedra,Bickardike,Green Group,(344) 6171073
Hildagarde,Clemot,Greenholt-Schroeder,(970) 9877186
Persis,Corpes,Gusikowski-O'Connell,(514) 2343926
Eugenio,Lochhead,Gutkowski Inc,(107) 3740464
Eadie,Potzold,"Gutmann, Pouros and Kessler",(833) 7669584
Dyna,Abbot,Gutmann-Howell,(406) 1240909
Vasilis,Rathbone,"Haag, Becker and Wolff",(418) 8628738
Pembroke,Black,Hahn-Collier,(373) 8402172
Merla,Atlee,Haley Group,(834) 9325414
Dorelle,Burrage,Harris-Muller,(301) 5103681
Fae,Janota,"Hauck, Pfeffer and Lakin",(246) 8022035
Tannie,McGragh,"Heathcote, Padberg and Hermiston",(293) 1381097
Aeriell,Cressar,Heidenreich-Brakus,(936) 1606067
Brannon,Short,Heidenreich-Roob,(168) 4702144
Kellina,Woodthorpe,Heller Inc,(666) 8105784
Colline,Coaten,"Hickle, Hackett and O'Reilly",(362) 9934451
Benedikta,Liebmann,"Hickle, Prosacco and Greenfelder",(234) 9673015
Julietta,Hardaway,Hirthe-Kozey,(904) 7813579
Brooke,Beaman,Hodkiewicz Inc,(397) 6841596
Tilly,Rottenbury,"Hodkiewicz, Gorczany and Kunze",(822) 9692382
Troy,Cauldfield,Homenick Group,(682) 5720486
Jodi,Grunguer,Homenick-McKenzie,(403) 4605430
Ripley,MacLardie,Hoppe-Hand,(786) 3411975
Gertruda,Tebboth,"Hyatt, Bahringer and Herman",(112) 1451183
Casi,Comini,Jacobi-Legros,(489) 1330224
Deck,Bierton,"Jacobs, Bednar and Bosco",(761) 6469612
Esther,Jameson,Jakubowski and Sons,(502) 5225640
Lulita,Bourne,Jast Inc,(222) 2538046
Cecily,Hairs,Jenkins Group,(248) 7093562
Pattin,Esplin,Johns-Maggio,(129) 7343526
Catherina,Ellgood,Jones-Pfeffer,(744) 2617676
Ilyssa,Tipling,"Kemmer, Emard and Weimann",(205) 7286540
Vivia,Boydle,Kiehn and Sons,(853) 2500789
Franz,Wilstead,Kiehn-Reinger,(218) 7779635
Amerigo,Hyett,Kiehn-Romaguera,(959) 7569575
Sully,Brobak,Kirlin-Bashirian,(874) 1445601
Garvey,Serraillier,Klein-Harris,(899) 3184065
Corbett,Nowaczyk,"Klocko, Johns and Bruen",(217) 4454731
Bernadine,Stivers,"Koepp, Ritchie and McCullough",(148) 9570080
Dian,Jakubski,"Konopelski, Kertzmann and Denesik",(864) 2655119
Caron,Orris,"Koss, Boehm and Thiel",(404) 7756917
Korrie,Cardno,"Koss, Stracke and Becker",(297) 6242110
Delphine,Alasdair,Krajcik-Walker,(597) 6429553
Adam,Yoxall,"Kreiger, Mohr and Kuhic",(994) 1834394
Arleen,Laimable,Kris-Lubowitz,(981) 1837351
Berti,Ketteman,Kris-O'Connell,(240) 3338689
Tonia,Swanton,Kub-Dooley,(894) 7635580
Inga,Benini,"Kuhic, West and Krajcik",(101) 2069101
Ashlin,Renney,Kulas LLC,(556) 3874054
Austen,Cantero,Kuphal-Waters,(833) 3999339
Randene,Preddle,Kutch-Boehm,(344) 8006088
Torey,Dilke,Lakin Group,(508) 3174486
Lorine,Sheron,"Lakin, Block and Gleichner",(253) 4038217
Tallie,Rolin,"Larson, Beahan and Cummerata",(442) 2626274
Brena,Cazereau,"Larson, McDermott and Metz",(322) 9301338
Renata,Chaffe,Leannon Group,(451) 1395525
Ree,McGriffin,Ledner and Sons,(737) 8795853
Ara,Dog,"Legros, Heathcote and Kreiger",(549) 2465784
Fayre,Bruniges,Lehner Group,(853) 9543336
Elsbeth,Borer,Lehner-Ondricka,(692) 2108713
Lanie,Slipper,"Leuschke, Ziemann and Gutmann",(254) 9053642
Dario,Sancias,Lind LLC,(329) 7056250
Laureen,Jacobsson,Lind-Rutherford,(814) 8742133
Shelly,Spoerl,Littel LLC,(681) 4629713
Noni,Fawks,Little Inc,(340) 3961651
Tasha,Bispham,Little-Jacobson,(922) 1916393
Lynelle,Tait,"Lowe, O'Kon and Bogan",(616) 9184021
Inessa,Filewood,"Lynch, Bernier and Von",(282) 5697197
June,Huske,"Lynch, Mills and McDermott",(397) 7321375
Dewain,Gouldthorp,"Macejkovic, Jones and Prosacco",(526) 4406071
Saw,Feldheim,MacGyver LLC,(972) 5756953
Carroll,Symons,Marquardt Group,(525) 6928570
Mauricio,Stuer,Marquardt-Effertz,(829) 4786767
Danice,Hullin,Marvin Inc,(409) 9644778
Ricky,Vernazza,"Marvin, Runolfsson and Kulas",(397) 2447408
Royal,Benoix,"Marvin, Wilkinson and Kris",(702) 1167041
Brnaby,Pachmann,McClure LLC,(630) 9948548
Jilly,Waiton,McDermott-Kihn,(639) 6865292
Ruthi,Bungey,McKenzie-Harvey,(650) 3068347
Corene,Litterick,McLaughlin-Frami,(152) 8662131
Lila,Dugood,Medhurst-Moore,(797) 7149257
Melisandra,Itzkovitch,"Metz, Rau and Corwin",(717) 2433599
Reynold,Kmieciak,Mills Group,(381) 5801002
Inesita,Byass,Mills Inc,(836) 5695827
Kassi,Liptrot,Mitchell-Bergnaum,(412) 9803940
Sloane,Pirrie,Moore Inc,(302) 5708038
Tonya,Klimpt,"Morissette, Swift and Reinger",(887) 5408776
Sisile,Wyley,Mraz Inc,(788) 2595307
Annabell,Rawson,Muller-Fritsch,(881) 4278693
Rriocard,Kearford,Nitzsche Inc,(369) 4794520
Trenna,Ducker,"Nitzsche, Macejkovic and Hodkiewicz",(122) 4936895
Dimitri,Bassil,Nolan Group,(303) 1834353
Marsiella,Vittery,Nolan-Haley,(850) 4646547
Joelle,Lark,Nolan-Pagac,(501) 5130932
Gawen,Tofano,Oberbrunner-Funk,(366) 5105549
Jorrie,Lazell,Oberbrunner-Haag,(602) 1232446
Rebe,Ferney,O'Connell-Cartwright,(560) 1077322
Dre,Ashbridge,"Olson, Beer and Johns",(541) 2626254
Cherrita,Fillan,O'Reilly-Jacobson,(351) 1685545
Caralie,Jeal,"Ortiz, Greenfelder and Halvorson",(847) 5925497
Morten,Collidge,Osinski Group,(456) 4928808
Kristina,Peal,Osinski-Sporer,(498) 2919126
Barny,Dahlbom,Padberg and Sons,(552) 4778042
Kerwinn,Wedge,Padberg-Satterfield,(376) 5626308
Oliviero,Showl,Pagac and Sons,(242) 6150341
Babette,Bridgett,Pagac Group,(118) 9425318
Maddalena,Varey,"Parisian, Larkin and Littel",(274) 6950924
Thomasin,Sherrard,Pfeffer-Altenwerth,(427) 4213493
Bud,Lambin,"Pouros, Kilback and Grady",(493) 3159739
Bryn,Bails,Price-Yost,(472) 9632481
Timofei,Kier,"Prohaska, Stark and Kuphal",(712) 3206480
Peterus,Menure,Ratke-Ryan,(658) 7589879
Caye,De La Hay,"Rau, Wintheiser and Ernser",(600) 2391094
Toby,Rizzo,Reichel and Sons,(323) 4474806
Jamaal,Oley,Reilly LLC,(416) 3441689
Gian,Dulake,"Reilly, Bernhard and Weissnat",(363) 9655913
Karine,Copnall,Reynolds LLC,(531) 2278415
Waylan,Conibere,"Reynolds, Padberg and O'Conner",(404) 8283611
Jareb,Nieass,Rosenbaum-Bernhard,(841) 6464807
Elise,Mortell,Rowe-Hirthe,(427) 4325833
Thedrick,Coulsen,Rutherford-Powlowski,(583) 5456675
Nicki,Evershed,Sauer-Maggio,(210) 2017214
Jimmy,Bickerstaffe,Schamberger Inc,(998) 6839690
Lindsay,Dawidowitz,"Schiller, Grimes and Bayer",(577) 7633795
Tomasina,Caslin,"Schiller, Turner and Mann",(828) 4224699
Jessa,Dampier,Schimmel-Willms,(890) 8950290
Lyn,Rimbault,Schinner LLC,(238) 7275990
Myer,Dunphie,Schinner-Leuschke,(354) 4386486
Tillie,Adamek,Schmitt-Bosco,(559) 4195127
Rebecka,Slingsby,"Schowalter, Ullrich and Hartmann",(895) 6995546
Felicdad,Spendlove,Schroeder LLC,(526) 3290447
Ethelbert,Saladino,Schulist-Kihn,(975) 3867523
Stevena,Sommerville,Schumm and Sons,(378) 5701304
Jaquelin,Lewton,Schuppe Inc,(150) 4659677
Bliss,Rohloff,Schuster-Rosenbaum,(540) 2878045
Pamela,Spinke,Schuster-Strosin,(931) 6077861
Duffy,Gosart,"Simonis, Gleason and Schaden",(786) 1120713
Winnifred,Pitceathly,Smitham-Tromp,(190) 5891937
Adamo,Broggini,"Stamm, Kuphal and Ankunding",(512) 9979194
Chaunce,Ind,Steuber Inc,(433) 8194723
Hamlen,Wiffen,Stiedemann-Wisoky,(463) 8291459
Leeland,Attfield,Stokes-Bins,(770) 5055628
Tailor,Coenraets,Stracke-Boyer,(422) 5007113
Tailor,Depka,Swift-Conroy,(773) 4778224
Aubrette,Macrae,Thiel Group,(970) 7915990
Jason,Pratt,Thompson-Fadel,(727) 1666924
Judi,Seamans,Tillman and Sons,(933) 3998895
Orelee,Woolacott,Tillman-Cassin,(925) 2325169
Bard,Czajkowska,"Toy, Shields and Sawayn",(580) 6294008
Felicio,Von Der Empten,Tremblay-Becker,(672) 6208645
Leyla,Kobpac,Treutel Inc,(518) 3085746
Amara,MacCorley,Tromp and Sons,(617) 6725587
Diandra,O' Lone,Upton-Sauer,(126) 1868326
Lorinda,Beseke,Veum and Sons,(684) 3492713
Enrique,Mont,Veum LLC,(443) 9897962
Savina,Squire,"Volkman, Corkery and Rosenbaum",(414) 5751924
Inigo,Sikorsky,Walker-Lang,(945) 4442521
Georgianna,Learmonth,Walsh-Schimmel,(719) 5587673
Winthrop,Coltherd,Walter-Pollich,(745) 2280316
Belle,Caldroni,"Waters, Bruen and Hyatt",(139) 2130899
Livia,Burgoyne,"Weissnat, Wolf and Miller",(422) 6792803
Harriet,Taw,Weissnat-Hahn,(815) 9233306
Lyman,Tyler,White Group,(901) 3869003
Thebault,Taffarello,Wiegand-Cruickshank,(918) 1514937
Silvano,Raye,Williamson Group,(419) 7466632
Konstance,Sanja,Williamson Inc,(750) 7821223
Ellery,Laflin,"Williamson, Bogisich and Volkman",(837) 9888095
Josselyn,Alvarado,"Wisozk, Renner and Harvey",(374) 1865346
Joli,Tallon,"Wolf, Cartwright and Zieme",(442) 7132028
Gerry,Careless,Wyman-Carroll,(193) 4463323
Marietta,Gaize,Wyman-Lockman,(435) 8151018
Alli,Walwood,Yundt LLC,(461) 3355557
Lucio,Rubenov,Yundt-Hessel,(309) 4159940
Oliviero,Cosgrave,Zemlak Group,(555) 6763981
Flint,McAless,"Ziemann, Jerde and Anderson",(751) 8915110
Murray,Jeandeau,Zieme-West,(402) 7471483
Flora,Scranedge,Zulauf and Sons,(492) 6842848
